{"cameraMode":{"drawMode":0,"name":"Shaded","section":"Shading Mode"},"sceneLighting":true,"audioPlay":false,"sceneViewState":{"m_AlwaysRefresh":false,"showFog":true,"showSkybox":true,"showFlares":true,"showImageEffects":true,"showParticleSystems":true,"showVisualEffectGraphs":true,"m_FxEnabled":true},"in2DMode":false,"pivot":{"x":19.052452087402345,"y":9.462209701538086,"z":-15.185955047607422},"rotation":{"x":0.0075781154446303848,"y":0.9273332357406616,"z":-0.01635849103331566,"w":0.37459179759025576},"size":24.499116897583009,"orthographic":false}